label,count,percentage
business,108,0.12558139534883722
scitech,253,0.2941860465116279
sports,479,0.5569767441860465
world,20,0.023255813953488372
